<?xml version="1.0" encoding="UTF-8"?>
<project-private xmlns="http://www.netbeans.org/ns/project-private/1">
    <editor-bookmarks xmlns="http://www.netbeans.org/ns/editor-bookmarks/2" lastBookmarkId="0"/>
    <open-files xmlns="http://www.netbeans.org/ns/projectui-open-files/2">
        <group>
            <file>file:/C:/Users/Devansh%20Ranade/Documents/2019/aer201/mainCode.X/main.c</file>
            <file>file:/C:/Users/Devansh%20Ranade/Documents/2019/aer201/mainCode.X/getTime.h</file>
            <file>file:/C:/Users/Devansh%20Ranade/Documents/2019/aer201/mainCode.X/operationCode.h</file>
        </group>
    </open-files>
</project-private>
